section,row,number,x,y,kind,nextSeatId,companionFor
balcony,1,1,86.7,13.872,STANDARD,1-2,
balcony,1,2,81.984,12.347,STANDARD,1-3,
balcony,1,3,77.197,11.029,STANDARD,1-4,
balcony,1,4,72.41,9.852,STANDARD,1-5,
balcony,1,5,67.532,8.906,STANDARD,1-6,
balcony,1,6,62.652,8.141,STANDARD,1-7,
balcony,1,7,57.728,7.564,STANDARD,1-8,
balcony,1,8,52.803,7.149,STANDARD,1-9,
balcony,1,9,47.854,6.964,STANDARD,,
balcony,1,10,37.959,7.126,STANDARD,1-11,
balcony,1,11,33.01,7.495,STANDARD,1-12,
balcony,1,12,28.109,8.049,STANDARD,1-13,
balcony,1,13,23.23,8.767,STANDARD,1-14,
balcony,1,14,18.352,9.713,STANDARD,1-15,
balcony,1,15,13.52,10.821,STANDARD,1-16,
balcony,1,16,8.756,12.116,STANDARD,1-17,
balcony,1,17,4.015,13.593,STANDARD,,
balcony,2,1,81.288,20.202,STANDARD,2-2,
balcony,2,2,76.641,18.837,STANDARD,2-3,
balcony,2,3,71.925,17.661,STANDARD,2-4,
balcony,2,4,67.138,16.691,STANDARD,2-5,
balcony,2,5,62.352,15.904,STANDARD,2-6,
balcony,2,6,57.521,15.281,STANDARD,2-7,
balcony,2,7,52.687,14.865,STANDARD,2-8,
balcony,2,8,47.831,14.681,STANDARD,,
balcony,2,9,38.075,14.819,STANDARD,2-10,
balcony,2,10,33.242,15.212,STANDARD,2-11,
balcony,2,11,28.409,15.765,STANDARD,2-12,
balcony,2,12,23.6,16.551,STANDARD,2-13,
balcony,2,13,18.837,17.499,STANDARD,2-14,
balcony,2,14,14.097,18.63,STANDARD,2-15,
balcony,2,15,9.427,19.971,STANDARD,,
balcony,3,1,75.878,26.623,STANDARD,3-2,
balcony,3,2,71.277,25.446,STANDARD,3-3,
balcony,3,3,66.63,24.451,STANDARD,3-4,
balcony,3,4,61.959,23.643,STANDARD,3-5,
balcony,3,5,57.219,22.997,STANDARD,3-6,
balcony,3,6,52.501,22.605,STANDARD,3-7,
balcony,3,7,47.762,22.397,STANDARD,,
balcony,3,8,38.26,22.559,STANDARD,3-9,
balcony,3,9,33.519,22.951,STANDARD,3-10,
balcony,3,10,28.803,23.505,STANDARD,3-11,
balcony,3,11,24.11,24.289,STANDARD,3-12,
balcony,3,12,19.463,25.262,STANDARD,3-13,
balcony,3,13,14.86,26.438,STANDARD,,
balcony,4,1,70.514,33.186,STANDARD,4-2,
balcony,4,2,66.006,32.19,STANDARD,4-3,
balcony,4,3,61.474,31.36,STANDARD,4-4,
balcony,4,4,56.896,30.737,STANDARD,4-5,
balcony,4,5,52.294,30.321,STANDARD,4-6,
balcony,4,6,47.693,30.112,STANDARD,,
balcony,4,7,38.468,30.275,STANDARD,4-8,
balcony,4,8,33.867,30.644,STANDARD,4-9,
balcony,4,9,29.288,31.244,STANDARD,4-10,
balcony,4,10,24.756,32.006,STANDARD,,
balcony,5,1,52.595,43.42,STANDARD,5-2,
balcony,5,2,47.785,43.812,STANDARD,,
balcony,5,4,62.538,41.456,STANDARD,,
balcony,5,5,31.0,42.148,STANDARD,,
balcony,Side,1,96.596,15.558,STANDARD,Side-2,
balcony,Side,2,93.428,19.554,STANDARD,Side-3,
balcony,Side,3,89.96,23.32,STANDARD,,
stalls,0,1,88.227,1.964,STANDARD,0-2,
stalls,0,2,89.519,4.862,STANDARD,0-3,
stalls,0,3,90.693,7.79,STANDARD,0-4,
stalls,0,4,91.79,10.764,STANDARD,,
stalls,0,5,92.12,59.071,STANDARD,0-6,
stalls,0,6,91.038,62.044,STANDARD,0-7,
stalls,0,7,89.851,64.987,STANDARD,0-8,
stalls,0,8,88.573,67.886,STANDARD,,
stalls,0,9,81.84,79.013,STANDARD,0-10,
stalls,0,10,79.767,81.581,STANDARD,,
stalls,0,11,69.411,90.35,STANDARD,0-12,
stalls,0,12,66.601,92.092,STANDARD,,
stalls,0,13,58.846,95.216,STANDARD,0-14,
stalls,0,14,55.78,95.891,STANDARD,0-15,
stalls,0,15,52.654,96.311,STANDARD,0-16,
stalls,0,16,49.498,96.432,STANDARD,0-17,
stalls,0,17,46.341,96.311,STANDARD,0-18,
stalls,0,18,43.215,95.891,STANDARD,0-19,
stalls,0,19,40.15,95.216,STANDARD,,
stalls,0,20,32.214,91.927,STANDARD,0-21,
stalls,0,21,29.373,90.245,STANDARD,0-22,
stalls,0,22,26.653,88.383,STANDARD,0-23,
stalls,0,23,24.054,86.325,STANDARD,0-24,
stalls,0,24,21.618,84.103,STANDARD,0-25,
stalls,0,25,19.319,81.716,STANDARD,0-26,
stalls,0,26,17.2,79.178,STANDARD,,
stalls,0,27,3.493,40.046,STANDARD,0-28,
stalls,0,28,3.358,36.877,STANDARD,0-29,
stalls,0,29,3.358,33.693,STANDARD,0-30,
stalls,0,30,3.463,30.524,STANDARD,,
stalls,1,1,80.547,4.651,STANDARD,1-2,
stalls,1,2,77.542,5.703,STANDARD,1-3,
stalls,1,3,74.521,6.633,STANDARD,1-4,
stalls,1,4,71.456,7.46,STANDARD,1-5,
stalls,1,5,68.374,8.18,STANDARD,1-6,
stalls,1,6,65.278,8.797,STANDARD,1-7,
stalls,1,7,62.137,9.292,STANDARD,1-8,
stalls,1,8,58.996,9.697,STANDARD,1-9,
stalls,1,9,55.825,9.982,STANDARD,1-10,
stalls,1,10,52.669,10.148,STANDARD,1-11,
stalls,1,11,49.498,10.208,STANDARD,1-12,
stalls,1,12,46.326,10.163,STANDARD,1-13,
stalls,1,13,43.17,10.012,STANDARD,1-14,
stalls,1,14,40.0,9.742,STANDARD,1-15,
stalls,1,15,36.858,9.352,STANDARD,1-16,
stalls,1,16,33.717,8.887,STANDARD,1-17,
stalls,1,17,30.606,8.27,STANDARD,1-18,
stalls,1,18,27.509,7.58,STANDARD,1-19,
stalls,1,19,24.459,6.754,STANDARD,1-20,
stalls,1,20,21.423,5.853,STANDARD,1-21,
stalls,1,21,18.418,4.831,STANDARD,,
stalls,2,1,82.186,9.397,STANDARD,2-2,
stalls,2,2,79.181,10.433,STANDARD,2-3,
stalls,2,3,76.16,11.379,STANDARD,2-4,
stalls,2,4,73.078,12.221,STANDARD,2-5,
stalls,2,5,69.982,12.956,STANDARD,2-6,
stalls,2,6,66.886,13.586,STANDARD,2-7,
stalls,2,7,63.746,14.113,STANDARD,2-8,
stalls,2,8,60.604,14.547,STANDARD,2-9,
stalls,2,9,57.433,14.863,STANDARD,2-10,
stalls,2,10,54.262,15.087,STANDARD,2-11,
stalls,2,11,51.09,15.207,STANDARD,2-12,
stalls,2,12,47.905,15.222,STANDARD,2-13,
stalls,2,13,44.734,15.117,STANDARD,2-14,
stalls,2,14,41.562,14.922,STANDARD,2-15,
stalls,2,15,38.391,14.608,STANDARD,2-16,
stalls,2,16,35.25,14.202,STANDARD,2-17,
stalls,2,17,32.109,13.677,STANDARD,2-18,
stalls,2,18,28.983,13.061,STANDARD,2-19,
stalls,2,19,25.903,12.341,STANDARD,2-20,
stalls,2,20,22.836,11.529,STANDARD,2-21,
stalls,2,21,19.799,10.599,STANDARD,2-22,
stalls,2,22,16.779,9.562,STANDARD,,
stalls,3,1,83.643,14.202,STANDARD,3-2,
stalls,3,2,80.652,15.222,STANDARD,3-3,
stalls,3,3,77.632,16.169,STANDARD,3-4,
stalls,3,4,74.566,17.009,STANDARD,3-5,
stalls,3,5,71.501,17.761,STANDARD,3-6,
stalls,3,6,68.389,18.406,STANDARD,3-7,
stalls,3,7,65.278,18.963,STANDARD,3-8,
stalls,3,8,62.137,19.413,STANDARD,3-9,
stalls,3,9,58.981,19.773,STANDARD,3-10,
stalls,3,10,55.84,20.028,STANDARD,3-11,
stalls,3,11,52.669,20.178,STANDARD,3-12,
stalls,3,12,49.498,20.238,STANDARD,3-13,
stalls,3,13,46.326,20.193,STANDARD,3-14,
stalls,3,14,43.155,20.058,STANDARD,3-15,
stalls,3,15,40.015,19.803,STANDARD,3-16,
stalls,3,16,36.843,19.488,STANDARD,3-17,
stalls,3,17,33.717,19.038,STANDARD,3-18,
stalls,3,18,30.606,18.511,STANDARD,3-19,
stalls,3,19,27.494,17.866,STANDARD,3-20,
stalls,3,20,24.399,17.145,STANDARD,3-21,
stalls,3,21,21.348,16.304,STANDARD,3-22,
stalls,3,22,18.327,15.373,STANDARD,3-23,
stalls,3,23,15.322,14.368,STANDARD,,
stalls,4,1,84.907,19.067,STANDARD,4-2,
stalls,4,2,81.931,20.088,STANDARD,4-3,
stalls,4,3,78.925,21.02,STANDARD,4-4,
stalls,4,4,75.918,21.83,STANDARD,4-5,
stalls,4,5,72.853,22.582,STANDARD,4-6,
stalls,4,6,69.787,23.242,STANDARD,4-7,
stalls,4,7,66.706,23.797,STANDARD,4-8,
stalls,4,8,63.595,24.279,STANDARD,4-9,
stalls,4,9,60.469,24.654,STANDARD,4-10,
stalls,4,10,57.343,24.939,STANDARD,4-11,
stalls,4,11,54.202,25.134,STANDARD,4-12,
stalls,4,12,51.06,25.239,STANDARD,4-13,
stalls,4,13,47.935,25.239,STANDARD,4-14,
stalls,4,14,44.794,25.164,STANDARD,4-15,
stalls,4,15,41.653,24.984,STANDARD,4-16,
stalls,4,16,38.526,24.714,STANDARD,4-17,
stalls,4,17,35.4,24.339,STANDARD,4-18,
stalls,4,18,32.289,23.887,STANDARD,4-19,
stalls,4,19,29.208,23.347,STANDARD,4-20,
stalls,4,20,26.128,22.702,STANDARD,4-21,
stalls,4,21,23.077,21.98,STANDARD,4-22,
stalls,4,22,20.041,21.14,STANDARD,4-23,
stalls,4,23,17.035,20.238,STANDARD,4-24,
stalls,4,24,14.058,19.248,STANDARD,,
stalls,5,1,85.959,24.023,STANDARD,5-2,
stalls,5,2,83.013,25.014,STANDARD,5-3,
stalls,5,3,80.067,25.916,STANDARD,5-4,
stalls,5,4,77.061,26.726,STANDARD,5-5,
stalls,5,5,74.055,27.447,STANDARD,5-6,
stalls,5,6,71.035,28.108,STANDARD,5-7,
stalls,5,7,67.983,28.677,STANDARD,5-8,
stalls,5,8,64.932,29.142,STANDARD,5-9,
stalls,5,9,61.867,29.549,STANDARD,5-10,
stalls,5,10,58.785,29.849,STANDARD,5-11,
stalls,5,11,55.69,30.074,STANDARD,5-12,
stalls,5,12,52.594,30.224,STANDARD,5-13,
stalls,5,13,49.498,30.269,STANDARD,5-14,
stalls,5,14,46.401,30.224,STANDARD,5-15,
stalls,5,15,43.305,30.104,STANDARD,5-16,
stalls,5,16,40.21,29.909,STANDARD,5-17,
stalls,5,17,37.129,29.594,STANDARD,5-18,
stalls,5,18,34.062,29.233,STANDARD,5-19,
stalls,5,19,30.997,28.753,STANDARD,5-20,
stalls,5,20,27.946,28.197,STANDARD,5-21,
stalls,5,21,24.926,27.567,STANDARD,5-22,
stalls,5,22,21.904,26.846,STANDARD,5-23,
stalls,5,23,18.928,26.036,STANDARD,5-24,
stalls,5,24,15.952,25.164,STANDARD,5-25,
stalls,5,25,13.006,24.188,STANDARD,,
stalls,6,1,86.454,29.143,STANDARD,6-2,
stalls,6,2,83.478,30.104,STANDARD,6-3,
stalls,6,3,80.472,31.005,STANDARD,6-4,
stalls,6,4,77.437,31.801,STANDARD,6-5,
stalls,6,5,74.386,32.521,STANDARD,6-6,
stalls,6,6,71.305,33.168,STANDARD,6-7,
stalls,6,7,68.239,33.708,STANDARD,6-8,
stalls,6,8,65.128,34.188,STANDARD,6-9,
stalls,6,9,62.017,34.58,STANDARD,6-10,
stalls,6,10,58.905,34.865,STANDARD,6-11,
stalls,6,11,55.765,35.09,STANDARD,6-12,
stalls,6,12,52.639,35.24,STANDARD,6-13,
stalls,6,13,49.498,35.285,STANDARD,6-14,
stalls,6,14,46.356,35.24,STANDARD,6-15,
stalls,6,15,43.23,35.12,STANDARD,6-16,
stalls,6,16,40.09,34.925,STANDARD,6-17,
stalls,6,17,36.978,34.625,STANDARD,6-18,
stalls,6,18,33.868,34.248,STANDARD,6-19,
stalls,6,19,30.756,33.798,STANDARD,6-20,
stalls,6,20,27.675,33.258,STANDARD,6-21,
stalls,6,21,24.594,32.627,STANDARD,6-22,
stalls,6,22,21.543,31.921,STANDARD,6-23,
stalls,6,23,18.522,31.126,STANDARD,6-24,
stalls,6,24,15.502,30.254,STANDARD,6-25,
stalls,6,25,12.511,29.308,STANDARD,,
stalls,7,1,86.861,34.294,STANDARD,7-2,
stalls,7,2,83.84,35.24,STANDARD,7-3,
stalls,7,3,80.788,36.111,STANDARD,7-4,
stalls,7,4,77.722,36.892,STANDARD,7-5,
stalls,7,5,74.641,37.597,STANDARD,7-6,
stalls,7,6,71.531,38.214,STANDARD,7-7,
stalls,7,7,68.419,38.769,STANDARD,7-8,
stalls,7,8,65.278,39.219,STANDARD,7-9,
stalls,7,9,62.137,39.61,STANDARD,7-10,
stalls,7,10,58.981,39.911,STANDARD,7-11,
stalls,7,11,55.825,40.106,STANDARD,7-12,
stalls,7,12,52.669,40.256,STANDARD,7-13,
stalls,7,13,49.498,40.301,STANDARD,7-14,
stalls,7,14,46.326,40.256,STANDARD,7-15,
stalls,7,15,43.17,40.136,STANDARD,7-16,
stalls,7,16,40.0,39.941,STANDARD,7-17,
stalls,7,17,36.843,39.671,STANDARD,7-18,
stalls,7,18,33.717,39.294,STANDARD,7-19,
stalls,7,19,30.576,38.844,STANDARD,7-20,
stalls,7,20,27.449,38.319,STANDARD,7-21,
stalls,7,21,24.354,37.702,STANDARD,7-22,
stalls,7,22,21.258,37.012,STANDARD,7-23,
stalls,7,23,18.193,36.231,STANDARD,7-24,
stalls,7,24,15.141,35.39,STANDARD,7-25,
stalls,7,25,12.104,34.459,STANDARD,,
stalls,8,1,87.146,39.475,STANDARD,8-2,
stalls,8,2,84.095,40.391,STANDARD,8-3,
stalls,8,3,81.029,41.232,STANDARD,8-4,
stalls,8,4,77.933,41.998,STANDARD,8-5,
stalls,8,5,74.806,42.687,STANDARD,8-6,
stalls,8,6,71.681,43.304,STANDARD,8-7,
stalls,8,7,68.555,43.814,STANDARD,8-8,
stalls,8,8,65.398,44.264,STANDARD,8-9,
stalls,8,9,62.228,44.624,STANDARD,8-10,
stalls,8,10,59.056,44.926,STANDARD,8-11,
stalls,8,11,55.87,45.121,STANDARD,8-12,
stalls,8,12,52.684,45.256,STANDARD,8-13,
stalls,8,13,49.498,45.316,STANDARD,8-14,
stalls,8,14,46.311,45.271,STANDARD,8-15,
stalls,8,15,43.125,45.151,STANDARD,8-16,
stalls,8,16,39.94,44.956,STANDARD,8-17,
stalls,8,17,36.768,44.685,STANDARD,8-18,
stalls,8,18,33.597,44.324,STANDARD,8-19,
stalls,8,19,30.441,43.904,STANDARD,8-20,
stalls,8,20,27.299,43.379,STANDARD,8-21,
stalls,8,21,24.159,42.792,STANDARD,8-22,
stalls,8,22,21.063,42.102,STANDARD,8-23,
stalls,8,23,17.967,41.352,STANDARD,8-24,
stalls,8,24,14.87,40.541,STANDARD,8-25,
stalls,8,25,11.819,39.625,STANDARD,,
stalls,9,1,87.341,44.67,WHEELCHAIR,9-2,
stalls,9,2,84.26,45.556,COMPANION,9-3,9-1
stalls,9,3,81.179,46.367,STANDARD,9-4,
stalls,9,4,78.053,47.118,STANDARD,9-5,
stalls,9,5,74.927,47.778,STANDARD,9-6,
stalls,9,6,71.786,48.365,STANDARD,9-7,
stalls,9,7,68.63,48.89,STANDARD,9-8,
stalls,9,8,65.458,49.31,STANDARD,9-9,
stalls,9,9,62.273,49.67,STANDARD,9-10,
stalls,9,10,59.086,49.956,STANDARD,9-11,
stalls,9,11,55.885,50.152,STANDARD,9-12,
stalls,9,12,52.699,50.272,STANDARD,9-13,
stalls,9,13,49.498,50.332,STANDARD,9-14,
stalls,9,14,46.296,50.287,STANDARD,9-15,
stalls,9,15,43.11,50.167,STANDARD,9-16,
stalls,9,16,39.894,49.986,STANDARD,9-17,
stalls,9,17,36.723,49.715,STANDARD,9-18,
stalls,9,18,33.537,49.37,STANDARD,9-19,
stalls,9,19,30.366,48.95,STANDARD,9-20,
stalls,9,20,27.194,48.455,STANDARD,9-21,
stalls,9,21,24.054,47.868,STANDARD,9-22,
stalls,9,22,20.927,47.223,STANDARD,9-23,
stalls,9,23,17.801,46.487,STANDARD,9-24,
stalls,9,24,14.705,45.691,STANDARD,9-25,
stalls,9,25,11.639,44.805,STANDARD,,
stalls,10,1,85.884,50.317,STANDARD,10-2,
stalls,10,2,82.787,51.142,STANDARD,10-3,
stalls,10,3,79.676,51.894,STANDARD,10-4,
stalls,10,4,76.55,52.554,STANDARD,10-5,
stalls,10,5,73.394,53.184,STANDARD,10-6,
stalls,10,6,70.238,53.696,STANDARD,10-7,
stalls,10,7,67.066,54.161,STANDARD,10-8,
stalls,10,8,63.896,54.536,STANDARD,10-9,
stalls,10,9,60.709,54.851,STANDARD,10-10,
stalls,10,10,57.493,55.077,STANDARD,10-11,
stalls,10,11,54.307,55.242,STANDARD,10-12,
stalls,10,12,51.105,55.318,STANDARD,10-13,
stalls,10,13,47.89,55.332,STANDARD,10-14,
stalls,10,14,44.688,55.258,STANDARD,10-15,
stalls,10,15,41.502,55.107,STANDARD,10-16,
stalls,10,16,38.286,54.896,STANDARD,10-17,
stalls,10,17,35.099,54.596,STANDARD,10-18,
stalls,10,18,31.914,54.236,STANDARD,10-19,
stalls,10,19,28.757,53.786,STANDARD,10-20,
stalls,10,20,25.587,53.259,STANDARD,10-21,
stalls,10,21,22.445,52.674,STANDARD,10-22,
stalls,10,22,19.319,51.999,STANDARD,10-23,
stalls,10,23,16.194,51.262,COMPANION,10-24,10-24
stalls,10,24,13.082,50.437,WHEELCHAIR,,
stalls,11,1,85.869,55.512,STANDARD,11-2,
stalls,11,2,82.757,56.308,STANDARD,11-3,
stalls,11,3,79.646,57.044,STANDARD,11-4,
stalls,11,4,76.52,57.689,STANDARD,11-5,
stalls,11,5,73.364,58.259,STANDARD,11-6,
stalls,11,6,70.208,58.771,STANDARD,11-7,
stalls,11,7,67.051,59.221,STANDARD,11-8,
stalls,11,8,63.866,59.581,STANDARD,11-9,
stalls,11,9,60.679,59.881,STANDARD,11-10,
stalls,11,10,57.493,60.106,STANDARD,11-11,
stalls,11,11,54.292,60.257,STANDARD,11-12,
stalls,11,12,51.105,60.332,STANDARD,11-13,
stalls,11,13,47.89,60.347,STANDARD,11-14,
stalls,11,14,44.704,60.272,STANDARD,11-15,
stalls,11,15,41.502,60.137,STANDARD,11-16,
stalls,11,16,38.316,59.911,STANDARD,11-17,
stalls,11,17,35.129,59.641,STANDARD,11-18,
stalls,11,18,31.944,59.281,STANDARD,11-19,
stalls,11,19,28.787,58.861,STANDARD,11-20,
stalls,11,20,25.617,58.349,STANDARD,11-21,
stalls,11,21,22.475,57.779,STANDARD,11-22,
stalls,11,22,19.334,57.134,STANDARD,11-23,
stalls,11,23,16.209,56.413,STANDARD,11-24,
stalls,11,24,13.112,55.647,STANDARD,,
stalls,12,1,82.651,61.488,STANDARD,12-2,
stalls,12,2,79.541,62.18,STANDARD,12-3,
stalls,12,3,76.415,62.81,STANDARD,12-4,
stalls,12,4,73.288,63.38,STANDARD,12-5,
stalls,12,5,70.133,63.862,STANDARD,12-6,
stalls,12,6,66.976,64.282,STANDARD,12-7,
stalls,12,7,63.806,64.627,STANDARD,12-8,
stalls,12,8,60.634,64.912,STANDARD,12-9,
stalls,12,9,57.463,65.122,STANDARD,12-10,
stalls,12,10,54.277,65.273,STANDARD,12-11,
stalls,12,11,51.09,65.348,STANDARD,12-12,
stalls,12,12,47.905,65.363,STANDARD,12-13,
stalls,12,13,44.719,65.288,STANDARD,12-14,
stalls,12,14,41.532,65.152,STANDARD,12-15,
stalls,12,15,38.361,64.957,STANDARD,12-16,
stalls,12,16,35.19,64.687,STANDARD,12-17,
stalls,12,17,32.019,64.342,STANDARD,12-18,
stalls,12,18,28.862,63.922,STANDARD,12-19,
stalls,12,19,25.707,63.44,STANDARD,12-20,
stalls,12,20,22.58,62.9,STANDARD,12-21,
stalls,12,21,19.454,62.285,STANDARD,12-22,
stalls,12,22,16.344,61.608,STANDARD,,
stalls,13,1,80.893,67.014,STANDARD,13-2,
stalls,13,2,77.797,67.646,STANDARD,13-3,
stalls,13,3,74.686,68.216,STANDARD,13-4,
stalls,13,4,71.561,68.711,STANDARD,13-5,
stalls,13,5,68.434,69.162,STANDARD,13-6,
stalls,13,6,65.278,69.522,STANDARD,13-7,
stalls,13,7,62.137,69.822,STANDARD,,
stalls,13,8,55.825,70.227,STANDARD,13-9,
stalls,13,9,52.654,70.332,STANDARD,13-10,
stalls,13,10,49.498,70.363,STANDARD,13-11,
stalls,13,11,46.341,70.348,STANDARD,13-12,
stalls,13,12,43.17,70.242,STANDARD,,
stalls,13,13,36.858,69.852,STANDARD,13-14,
stalls,13,14,33.717,69.582,STANDARD,13-15,
stalls,13,15,30.561,69.222,STANDARD,13-16,
stalls,13,16,27.434,68.786,STANDARD,13-17,
stalls,13,17,24.309,68.306,STANDARD,13-18,
stalls,13,18,21.198,67.736,STANDARD,13-19,
stalls,13,19,18.102,67.135,STANDARD,,
stalls,14,1,72.898,73.576,STANDARD,14-2,
stalls,14,2,69.787,74.027,STANDARD,14-3,
stalls,14,3,66.691,74.403,STANDARD,14-4,
stalls,14,4,63.58,74.733,STANDARD,14-5,
stalls,14,5,60.454,74.973,STANDARD,14-6,
stalls,14,6,57.328,75.183,STANDARD,14-7,
stalls,14,7,54.202,75.303,STANDARD,14-8,
stalls,14,8,51.075,75.363,STANDARD,14-9,
stalls,14,9,47.92,75.378,STANDARD,14-10,
stalls,14,10,44.794,75.333,STANDARD,14-11,
stalls,14,11,41.668,75.213,STANDARD,14-12,
stalls,14,12,38.541,75.033,STANDARD,14-13,
stalls,14,13,35.415,74.763,STANDARD,14-14,
stalls,14,14,32.305,74.463,STANDARD,14-15,
stalls,14,15,29.193,74.087,STANDARD,14-16,
stalls,14,16,26.082,73.666,STANDARD,,
stalls,15,1,72.612,78.697,STANDARD,15-2,
stalls,15,2,69.547,79.117,STANDARD,15-3,
stalls,15,3,66.48,79.479,STANDARD,15-4,
stalls,15,4,63.4,79.779,STANDARD,15-5,
stalls,15,5,60.304,80.019,STANDARD,15-6,
stalls,15,6,57.237,80.199,STANDARD,15-7,
stalls,15,7,54.141,80.319,STANDARD,15-8,
stalls,15,8,51.045,80.379,STANDARD,15-9,
stalls,15,9,47.95,80.394,STANDARD,15-10,
stalls,15,10,44.854,80.349,STANDARD,15-11,
stalls,15,11,41.757,80.229,STANDARD,15-12,
stalls,15,12,38.692,80.049,STANDARD,15-13,
stalls,15,13,35.595,79.824,STANDARD,15-14,
stalls,15,14,32.515,79.524,STANDARD,15-15,
stalls,15,15,29.449,79.178,STANDARD,15-16,
stalls,15,16,26.382,78.772,STANDARD,,
stalls,16,1,66.991,84.464,STANDARD,16-2,
stalls,16,2,63.836,84.779,STANDARD,16-3,
stalls,16,3,60.649,85.019,STANDARD,16-4,
stalls,16,4,57.478,85.214,STANDARD,16-5,
stalls,16,5,54.292,85.334,STANDARD,16-6,
stalls,16,6,51.09,85.394,STANDARD,16-7,
stalls,16,7,47.905,85.409,STANDARD,16-8,
stalls,16,8,44.704,85.364,STANDARD,16-9,
stalls,16,9,41.517,85.244,STANDARD,16-10,
stalls,16,10,38.346,85.064,STANDARD,16-11,
stalls,16,11,35.16,84.809,STANDARD,16-12,
stalls,16,12,32.004,84.509,STANDARD,,
